Time,Volume (in USD),Volume (in INR),Volume (in EUR)
1654027200,813310438.95,71074090604.25,758002280.37
1654030800,625221139.31,54795223605.95,582474649.08
1654034400,904716860.12,72886390605.21,842892675.63
1654038000,847036198.63,72688862847.93,789108243.78
1654041600,1435755126.93,115591198400,1338273066.35
1654045200,854947351.67,69193112237.35,797557516.55
1654048800,922443681.59,74572615992.47,860715826.84
1654052400,1012870994.97,82813279717.23,945147260.55
1654056000,1356504570.83,111038137842,1266576026.26
1654059600,904692116.18,76844728957.68,844763633.46
1654063200,889483993.3,77638406633.57,829950651.43
1654066800,1016697271.7,87179639669.46,948820698.5
1654070400,1031105732.26,87664256784.51,962157378.73
1654074000,904312133.41,76394900275.37,843491948.81
1654077600,945817682.88,80582948741.76,882970563.96
1654081200,1241285616.25,101834755485.76,1159549795.14
1654084800,1324429065.19,108236286616.12,1235711882.26
1654088400,1915978897.48,157008808116.3,1789969090.71
1654092000,2926105992.56,254529586363.72,2743108901.82
1654095600,2565255595.98,222300678918.42,2410157118.22
1654099200,2873668981.56,234817255307.14,2701328911.14
1654102800,2230678233.28,192330734218.04,2094232817.51
1654106400,1730620866.52,149106363730.9,1624310753.73
1654110000,1675742469.43,144457574721.44,1573268722.77
1654113600,2783231082.72,251620117287.7,2612964505.6
1654117200,830737343.38,69467598807.46,779956360.98
1654120800,943155541.32,82253892803.89,885599003.21
1654124400,1256172669.46,110902444277.11,1179397045.93
1654128000,1433001777.38,126947388210.05,1345003156.17
1654131600,983629665.86,78887757700,923297365.01
1654135200,879175494.45,77215243678.12,825584926.07
1654138800,1036598291.32,90487439711.77,973405771.61
1654142400,818694006.55,70644438056.4,768504845.88
1654146000,861803266.86,74054091245.68,808521726.9
1654149600,763427320.46,64932790539.56,715142802.88
1654153200,1186950996.95,100531280100.96,1111117984.67
1654156800,926871100.52,78031161272.63,867545450.75
1654160400,803456561.15,67462348664.2,752076486.76
1654164000,951763306.02,79413805448.51,890127696
1654167600,985230852.1,82218516315.26,921751388.67
1654171200,941301055.01,78965612343.28,879525389.68
1654174800,2523655693.19,203942534528.22,2359862320.11
1654178400,1680475365.35,141399827921.52,1568687171.63
1654182000,1568244694.13,130948504680,1461779560.21
1654185600,1209387859.77,104246785805.88,1125913002.12
1654189200,940444863.43,81313153093.42,875442328.75
1654192800,1036730117.42,87724405990.36,965350615.32
1654196400,834127396.23,70055696779.65,776179231.66
1654200000,693361172.79,56302322759.08,645472205.75
1654203600,434247489.39,35155228625.34,404181839.04
1654207200,1162119234.21,97782914111.36,1081656256.31
1654210800,740053763.69,68394730112.38,688664622.58
1654214400,843177872.24,68821427710.01,783939456.26
1654218000,864756569.71,73447826570.97,803652442.72
1654221600,643609145.31,54179961454.62,598455514.7
1654225200,554543523.56,44986706552.97,515877566.39
1654228800,640097153.58,53844358799.48,595886319.96
1654232400,575117793.64,48447272585.1,534979776.95
1654236000,596554149.15,50354726456.35,554825163.73
1654239600,885116788.32,74222747828.65,823080923.99
1654243200,777727215.42,65435090973.95,723356773.22
1654246800,1279329266.8,108110376040.72,1190828419.23
1654250400,1690930149.14,143533533618.33,1575505154.09
1654254000,1375391904.24,111246362018.59,1282527791.55
1654257600,1830030445.56,148654506009.98,1709257208.34
1654261200,1774554289.23,149350125000,1651567448.3
1654264800,1525233671.5,128698290245.17,1423108988.77
1654268400,1033330306.8,87104245919.6,965081083.36
1654272000,853612284.87,66734184874.59,796076517.3
1654275600,820084438.92,69107541788.44,765365440.94
1654279200,601393825.15,48560479836.76,561266627.27
1654282800,670514547.03,56711365457.45,625787918.31
1654286400,571702226.19,44651893220.18,533613249.83
1654290000,563173175.14,46931248440.96,525678366.77
1654293600,605854799.86,50553721320.8,565751888.25
1654297200,478426847,39957116306.48,446771687.11
1654300800,533810272.55,44555967129.63,498378221.5
1654304400,796049148.02,71213591767.66,743284648.17
1654308000,851703016.4,75833103834.45,795106980.87
1654311600,489922056.14,41032071284.11,457449195.75
1654315200,653985194.17,54377811416.08,610593804.31
1654318800,414282524.82,33265720589.42,386830376.4
1654322400,468158073.18,38939766647.82,437204324.47
1654326000,443491729.25,36792929629.17,414153607.44
1654329600,519848202.31,43455868886.62,485612188.88
1654333200,522377369.98,43809669791.33,487972232.81
1654336800,491399488.44,39596916569.78,458992907.93
1654340400,461384138.45,38767679971.75,431050011.7
1654344000,771248608.74,64511732084.23,720312053.51
1654347600,587349174.55,47642522134.09,548799518.6
1654351200,1045629347.73,87394475730.26,976564696.94
1654354800,579830455.29,48260750754.43,541524599.52
1654358400,559838925.58,46666427075.24,522745618.56
1654362000,458919762.46,38483814957.96,428586996.88
1654365600,410247082.85,34578187115.25,383175777.36
1654369200,388955090.01,32778538059.12,363051564.15
1654372800,374384361.33,31441863802.67,349661625.76
1654376400,409953444.04,36017364038.18,382817683.01
1654380000,757265142.38,66636713427.51,707641305.78
1654383600,424791612.2,33969045276.77,396640386.83
1654387200,573881100.6,48516447619.52,535898181.09
1654390800,587608489.8,49674733080.55,548662644.07
1654394400,507537056.1,42479140909.52,473800191.38
1654398000,439501128.65,36784253191.02,410268535.28
1654401600,418954741.33,35072847924.12,391036287.28
1654405200,385173674.13,32080525760.92,359641248.68
1654408800,399042385.27,34819706942.73,372750601.92
1654412400,459413177.58,40789691048.84,429046731.45
1654416000,454584966.07,37883010485.73,424512225.6
1654419600,669750028.5,59484606945.4,625442568.1
1654423200,498545037.43,41207052814.32,465452078.01
1654426800,480239547.71,38568903273,448339347.16
1654430400,492565204.31,40588766802.44,459996792.44
1654434000,514993169.02,42833996068.39,481075236.23
1654437600,599506308.06,49991677620.25,559834721.14
1654441200,790093289.23,65410994652.9,737706305.39
1654444800,1161054591.11,98855725333.24,1084317566.14
1654448400,810151707.77,67796217807.99,756684880.47
1654452000,524102376.64,43314779613.24,489470158.03
1654455600,464920185.64,37225169020.22,434193257.14
1654459200,588342646.66,49134564892.45,549180300.96
1654462800,510215078.14,42591032530.93,476122027.55
1654466400,709449381.97,59112355546.98,661751435.07
1654470000,650778021.97,54414058613.38,607111885.22
1654473600,1157857741.34,95577135460.64,1080386036.41
1654477200,1766664605.33,143875805592.69,1647477780.59
1654480800,1254324705.35,101865205538.83,1170302929.5
1654484400,1446443115.08,117999082592.27,1348773178.31
1654488000,1055755338.47,98060162451.25,984369483.68
1654491600,843940932.38,70094889074.68,786390514.63
1654495200,1254532566.45,103659605223.85,1169679639.02
1654498800,1208913862.94,100110760117.09,1125134305.47
1654502400,1318708880.18,105987134235.36,1226488514.36
1654506000,1079853483.65,86024626767.75,1004635905.62
1654509600,919627955.67,75624464210.35,857256878.38
1654513200,1298816902.65,103782494392.64,1210491695.73
1654516800,1060768935.2,84753687598.76,989496742.76
1654520400,1560271665.68,124940914424.54,1456189392.77
1654524000,1684989673.73,138717987735.46,1571733847.97
1654527600,1880172832.64,158603324900.1,1757454744.75
1654531200,1400342840.14,116637384036.46,1308606914.41
1654534800,1187069808.64,98796993100.81,1109586875.65
1654538400,788855912.49,65916600595.42,737859653.41
1654542000,747522487.15,62712101449.68,699042727.29
1654545600,975936159.14,77837301740.9,912566289.65
1654549200,754082879.34,60039350685.15,705278226.65
1654552800,662734171.15,52549121532.15,619936863.44
1654556400,646612767.39,55264678369.12,604942928.51
1654560000,3393186627.93,301312029764.53,3176213356.03
1654563600,2618595619.34,220721687208.51,2452095913.67
1654567200,1736733701.49,141558755833.98,1626719578.28
1654570800,1347507723.43,108384064708.84,1262344641.98
1654574400,1040458724.82,87571121746.78,974168730
1654578000,1027473390.49,87556542916.52,962149768.64
1654581600,783934833.97,66741280709.6,734010883.56
1654585200,836962556.52,71059020259.27,783501582.74
1654588800,907747891.54,76496760436.61,850200910.42
1654592400,700902532.04,58790492013.49,656787642.46
1654596000,694556114.21,56546816504.26,650582702.97
1654599600,1339113752.54,113513505394.9,1256570702.38
1654603200,1053993226.48,89363750307,989966900.16
1654606800,1220388678.08,98558734292.1,1143040972.54
1654610400,1669366812.63,140278275124.79,1560597791.08
1654614000,1315969771.75,110325544465.39,1231169868.14
1654617600,908435122.85,73378066940.52,849115420.93
1654621200,685341937.39,57475991841.12,640853958.62
1654624800,1078898684.87,92012053897.79,1007867289.48
1654628400,2325220270.83,195298183959.35,2169962621.79
1654632000,2546316064.49,201520109281.24,2378487583
1654635600,1348089078.92,112300693474.83,1258937379.2
1654639200,2768580900.78,232215316000,2581661752.49
1654642800,2083207001.49,164183093504.12,1946829233.34
1654646400,1378359812.75,115892368147.68,1288526380.89
1654650000,1585051675.99,134069045467.93,1482909548.49
1654653600,1017955218.21,86127917850.62,951972053.41
1654657200,2557160629.11,224782105387.32,2393045309.21
1654660800,1473113551.12,118702414465.99,1379616771.51
1654664400,1093713238.25,87340789542.31,1023843096.19
1654668000,983425269.63,79286827744.24,920109829.7
1654671600,1214422457.27,104119368339.79,1136226525.71
1654675200,1019642180.19,85913528775.57,955094664.38
1654678800,904074539.97,75564340227.06,844485474.64
1654682400,843449002.01,70936982738.35,786846519.24
1654686000,774786458.42,62066932687.59,722075810.17
1654689600,1212913423.33,102650141841.2,1131782149.91
1654693200,1878716621.68,155406914646.96,1749024549.34
1654696800,1404941808.55,114008215434.77,1309123403.73
1654700400,941841015.83,79499466041.48,877262187.28
1654704000,1109480664.94,89829334732.85,1034636859.13
1654707600,826899486.63,73170700804.72,771731535.19
1654711200,1297752732.32,113497519509.84,1211722514.22
1654714800,900920696.46,76657390457.4,841745195.34
1654718400,637521098.69,51720999474.13,595158277.09
1654722000,571907093.62,48056893406.45,533789825.64
1654725600,641092741.25,54057562156.8,598492331.26
1654729200,668929618.16,54289203670.9,624365286.97
1654732800,992189439.14,84580455733.24,926364411.86
1654736400,663092040.25,56730489918.48,619552163.09
1654740000,664737458.22,53959204511.78,620090481.93
1654743600,652155915.4,52450436073.09,608005480.26
1654747200,522285448.94,44059158342.64,486984635.18
1654750800,714965489.58,62048069767.97,666996120.29
1654754400,589790566.05,50401399182.26,550603665.96
1654758000,732705131.27,59534084070,684670506.62
1654761600,958564216.54,81443046785.54,894907545.39
1654765200,1035563277.48,83993561308.46,966725229.68
1654768800,718200340.72,58572936655.28,670387346.23
1654772400,950329813.67,77518448709.36,885847326.3
1654776000,1461899558.31,123585898654.87,1362161218.35
1654779600,1368352705.45,112747657975.87,1280627783.3
1654783200,1131554641.79,95995883701.41,1062626491.81
1654786800,973980671.3,79431858746.68,914162044.85
1654790400,1034783856.21,84163993942.99,971513864.48
1654794000,1000468079.44,84153989951.74,940522313.06
1654797600,778317944.17,66016793738.99,732667571.15
1654801200,778383301.76,67470013231.2,733796759.34
1654804800,856881987.19,72416619945.09,806974690.26
1654808400,458133862.55,39543122854.23,431532470.84
1654812000,531917757.26,46036496117.06,501032975.52
1654815600,610305840.27,52741668588.66,574756767.78
1654819200,1752775122.94,141535671667.48,1650436994.01
1654822800,763258303.72,64554822917.36,718883011.1
1654826400,597181289.6,51153030762.52,561991592.48
1654830000,1019197699.37,82090013924.29,958511653.92
1654833600,528340569.56,42318968933.55,496989570.27
1654837200,517099944.84,43549501956.49,486280630.56
1654840800,721087641.04,63057518023.29,678391862.62
1654844400,652000495.04,56600027833.38,613492735.14
1654848000,745121139.83,62571665057.45,701837969.99
1654851600,1173152991.35,98174961461.5,1106889457.59
1654855200,852561605.4,71207240225.23,805037301
1654858800,620313650.76,50066309586.8,586631291.27
1654862400,2688821044.39,236774826609.68,2555615207.08
1654866000,2375013251.22,203291594153.07,2257235097.39
1654869600,1615719258.52,135159747238.6,1534624812.36
1654873200,1237439260.24,110575125453.1,1177024583.62
1654876800,2593004984.56,222641052404.48,2466716178.91
1654880400,1381756578.92,113459176422.74,1314378258.73
1654884000,867718888.77,74333492395.36,825508911.36
1654887600,974763850.87,84397575442.42,927284160.41
1654891200,715609792.09,61468766588.98,680674058.66
1654894800,470032413.84,41219154668.34,447111500.11
1654898400,588212727.94,51529909148.02,559689327.08
1654902000,776396695.97,68221904472.91,738624677.18
1654905600,664734175.19,53882808380.18,632424999.73
1654909200,454514995.96,39148522100.45,432350932.94
1654912800,495582888.61,42493654934.73,471406286.92
1654916400,429283637.74,35042196018.38,408251751.86
1654920000,458477780.51,39008078814.73,436126652.98
1654923600,656549016.27,53542877696.73,624618280.46
1654927200,477124128.56,38882768649.09,454030036.3
1654930800,538700611.65,46010977310.56,512724385.94
1654934400,1598044128.61,137374296533.15,1513783768.65
1654938000,1917500882.4,163241351013.76,1826025632.83
1654941600,856118218.32,70839523152.82,815370359.42
1654945200,1644094359.04,140932167032.03,1565783008.91
1654948800,1714946806.06,142261109547.22,1634731810.85
1654952400,1823444673.27,154200769467.88,1736948920.32
1654956000,1699027707.95,147512398815.22,1618774882.35
1654959600,2429531467.88,209601465392.39,2313575982.86
1654963200,1936818405.25,158807582099,1843982503.69
1654966800,1030773129.48,84685129350.07,981638030.67
1654970400,1184507613.61,101162288913.37,1128159245.17
1654974000,689605799.02,58928008146.13,656576462.45
1654977600,757348943.76,66299987338.06,720898092.87
1654981200,572461975.84,49844106368.49,544987141.93
1654984800,586839696.56,51228067572.19,558663662.21
1654988400,960071798.29,84477068388.58,913781235.17
1654992000,734403932.67,64392111343.92,699271330.51
1654995600,1085547629.28,89269653246.65,1033269406.22
1654999200,3181333805.4,283568122885.15,3026391169.74
1655002800,1441441752.63,129313112526.53,1372273012.56
1655006400,1014547097.45,83538334291.13,966031702.91
1655010000,1788081314.72,156458231914.99,1701685668.23
1655013600,1247969696.79,102769893239.12,1188542676.56
1655017200,912282476.29,79629595123.18,868615048.17
1655020800,1177027969.9,101714439945.26,1121218794.78
1655024400,793647104.51,69685559700,756356077.22
1655028000,999592956.34,85787278712.1,952071271.99
1655031600,1009039103.98,86544543018.93,960944538.37
1655035200,733640244.02,74182730369.13,698716323.31
1655038800,1144556500.54,97521329169,1089936964.12
1655042400,3025821607.83,283131710586.14,2881788122.35
1655046000,2201414403.59,182859369104.16,2096427502.4
1655049600,1178978418.46,103540341673.61,1122426356.34
1655053200,1072896847.21,90421462153.79,1021361657.49
1655056800,906322616.49,76093499321.18,862710628.37
1655060400,1330082378.58,109366028188.55,1265325495.1
1655064000,843741291.91,65606570713.33,802699114.51
1655067600,640382276.09,49800408278.02,609253406.38
1655071200,1568084923.3,141149621525.25,1492778210.69
1655074800,1611629442.54,144035718605.27,1535349158.62
1655078400,2919707431.59,234468583709.03,2784768456.06
1655082000,3459290109.73,317685816183.19,3302549659.37
1655085600,2557906943.76,242911122216.23,2440821218.25
1655089200,3710239495.18,329567018168.92,3537710688.54
1655092800,2536895770.83,211437389924.35,2421296296.84
1655096400,1989930077.8,173892397781.31,1897502386.19
1655100000,2531716035.53,208811538803.38,2417760026.14
1655103600,3122632265.98,274764271377.77,2981050552.12
1655107200,4341316802.2,382175912025.18,4146980621.2
1655110800,4690210482.93,423161143862.1,4483276732.93
1655114400,2966342455.55,259545768994.76,2834476830.32
1655118000,2907154368.52,242484978320,2781757974.24
1655121600,2902982301.36,253331669589.46,2774030232.66
1655125200,3381013416.1,295806036134.41,3238537296.03
1655128800,3585086121.03,325298070707.38,3442475465.97
1655132400,3161407420.05,273652246755.49,3032668644.83
1655136000,3163876819.22,275507287993.13,3028482836.12
1655139600,1624155705.38,149748005781.57,1554517007.54
1655143200,1279993357.03,107396886800,1228386413.2
1655146800,1323723893.65,117075722906.48,1272148142.22
1655150400,1448686121.25,125162764584.69,1392688456.71
1655154000,1030638649.74,93514332161.53,990035059.11
1655157600,1270973826.7,117718852393.53,1221986749.01
1655161200,2344416715.67,218127140094.17,2251856887.45
1655164800,2160226945.51,202547967821.79,2074236265.08
1655168400,3527722222.66,367856597457.39,3393750449.55
1655172000,3561693861.43,335910916409.27,3418415601.25
1655175600,2654933639.37,240326820000,2547415025
1655179200,2244381149.03,202332169209.14,2149973185.49
1655182800,3318234122.22,272487466450.31,3179841792.75
1655186400,2256448876.98,185775071881.28,2160993444.78
1655190000,2417615369.54,196612747746.69,2311320697.86
1655193600,1669108305.77,143098287424.71,1594742068.52
1655197200,1555969240.99,136787377370.43,1491786662.5
1655200800,1577179860.67,132264914910.61,1512097051.23
1655204400,1994368340.65,177198435876.83,1910147189.2
1655208000,1885326602.54,147302128806.46,1806246436.77
1655211600,2066300681.04,185365162502.26,1980270842.2
1655215200,1957699119.29,169222690793.53,1882337612.38
1655218800,2039214903.47,213606141555.16,1959436856.89
1655222400,1542326086.51,126941422219.15,1480817162.97
1655226000,1188118502.57,103150093303.1,1141355553.54
1655229600,1148385847.88,95149658513.92,1103342760.67
1655233200,1012461740.14,85071643356.13,972969281.83
1655236800,1135712540.5,102092745550.97,1091219985.23
1655240400,1099382331.03,99679727553.37,1056542587.57
1655244000,861798853.89,77409633113.92,827206585.05
1655247600,1365651422.34,122754735166.75,1309132008.29
1655251200,1212046304.09,113158384486.3,1162191605.77
1655254800,1171661333.24,102639790871.93,1122528650.54
1655258400,974316609.74,80526241407.58,933043264.84
1655262000,1244226446.66,105472396913.19,1192434040.65
1655265600,2451299263.47,219041176782.81,2351346835.92
1655269200,2199710779.09,191435369624.41,2102442396.89
1655272800,1658057022.38,142182391025.59,1583424885.89
1655276400,2114737486.01,185670646033.44,2021947406.42
1655280000,3426163871.36,305796271994.12,3267411422.37
1655283600,2423494741.25,212879413800.14,2311896220.25
1655287200,2507498970.61,214008188495.04,2394861000.6
1655290800,2481735340.63,200180638452.06,2374265783.28
1655294400,2054880329.25,173546727641.41,1974336296.4
1655298000,2235763993.51,191122283574.31,2144860336.66
1655301600,1929600750.08,161843593107.84,1855551928.32
1655305200,1365088751.08,121231817176.59,1314620381
1655308800,1654005716.88,152774820163.42,1593093576.25
1655312400,2137721687.18,184794401461.09,2056895688.68
1655316000,6255195588.72,533438089964.49,5979549632.49
1655319600,3002406906.3,277324338561.93,2871212444.08
1655323200,1422330917.08,115630809075.79,1362830939.63
1655326800,1229660437.38,111151359805.66,1178388095.09
1655330400,1860408880.71,165984238712.42,1782223969.21
1655334000,1146454424.85,89489588937.76,1096972439.21
1655337600,1510875756.27,135386546404.5,1444906305.81
1655341200,1279474374.22,117311107542.84,1226948511.23
1655344800,842685098.04,69123839465.43,807210615.67
1655348400,873610910.79,80583661681.28,836685930.5
1655352000,845198779.26,77875775552.42,810146287.14
1655355600,892952446.84,80597537350.64,856871058.62
1655359200,940984054.33,82415130779.53,903797673.86
1655362800,1255442193.17,108973614014.11,1207302147.31
1655366400,1075255690.39,111157413862.76,1033990110.32
1655370000,1722351933.75,149431729456.69,1655673643.73
1655373600,1638832436.57,144530051821.13,1577455225.32
1655377200,1321897708.41,117597968655.72,1273053448.82
1655380800,1628727689.82,143659788644.22,1563172327.99
1655384400,1747822804.94,145350448729.43,1672586826.42
1655388000,1716260834.86,157869985652.83,1637164235.3
1655391600,1436977392.91,126554350596.93,1365643141.76
1655395200,1536538073.21,132016031138.06,1455974847.63
1655398800,1232988264.51,102505162505.06,1165494832.81
1655402400,914720638.54,80127912316.52,865932002.13
1655406000,996364897.38,83179235531.75,944537539.28
1655409600,1182568435.74,112157020060.02,1121851960.98
1655413200,780268814.05,74088888257.33,739499106.35
1655416800,1044717819.94,95845813387.24,991084928.98
1655420400,1183798268.18,107839777249.24,1123791520.4
1655424000,1303361175.07,118932583089.45,1237166527
1655427600,1526666924.15,123654269700.15,1450281088.4
1655431200,1017595385.27,84100614685.16,967205749.54
1655434800,755543514.65,67603187436.72,718940797.64
1655438400,805097491.66,71434078992.02,765551182.42
1655442000,840067332.93,74775806115.38,799020232.28
1655445600,1081586377.06,88287896053.5,1030446361.93
1655449200,1295709447.32,108566658246.41,1233216884.15
1655452800,974420024.88,85497876597.41,926867486.02
1655456400,922400038.91,79241730845.63,877577797.46
1655460000,943771223.08,79831929067.63,897610161.27
1655463600,854197531.23,72876515805.14,814263522.94
1655467200,989394600,95263571085.18,943301989.64
1655470800,1447602950.32,123603691182.62,1382081403.81
1655474400,1578929344.89,130986598335.67,1511302553.07
1655478000,1223145377.1,109059031115.77,1169456931.43
1655481600,1138425138.87,98480524780.67,1088369748.51
1655485200,961267494.08,83650005990.12,917221190.19
1655488800,726716370.11,62217047001.34,693189318.3
1655492400,665373848.94,58263706478.19,634623441.37
1655496000,738653711.97,59362113540.58,704441401.61
1655499600,452463266.8,41765583857.81,431599368.41
1655503200,663446687.85,54516203320.68,632863901.21
1655506800,468490063.6,42877066439.17,446816483.07
1655510400,831108674.3,67916695154.04,792621619.73
1655514000,758929374.59,67831327089.63,724983417.14
1655517600,790820970.14,69630899661.02,754370178.52
1655521200,541497068.22,44340734213.72,516524554.08
1655524800,449697285.12,37251672159.93,429110592.64
1655528400,474313572.51,41400262230.64,452646195.4
1655532000,2198059067.92,201020516101.85,2105441940.47
1655535600,2877502125.37,267216997698.87,2750150916.64
1655539200,2601936907.85,234443023140.72,2487007723.21
1655542800,1285993205.45,113149380346.54,1228780853.05
1655546400,1426830591.88,122566871043.04,1363301748.34
1655550000,984269976.69,81995823380,940754316.91
1655553600,940229788.37,82582810252.33,898561559.31
1655557200,937223240.4,81928894852.1,894852839.32
1655560800,816394608,71632714097.98,779888269.58
1655564400,906079136.17,79668222342.89,865485690.5
1655568000,1101357732.58,97287817708.51,1051813177.52
1655571600,1649455795.64,146842347768.89,1573620347.56
1655575200,1845547086.78,164215652577.72,1761327880.11
1655578800,1666113724.85,151053621809.47,1590908708.07
1655582400,3202676891.16,294776396921.2,3054861976.55
1655586000,2154465482.6,166055308762.95,2057001287.82
1655589600,2044986579.61,155269325763.81,1951878441.96
1655593200,1161192322.33,89081425963.5,1108506228.33
1655596800,1185574739.64,104755181891.41,1131735493.57
1655600400,1012509512,84505708511.53,965678080.69
1655604000,935670339.88,82077740163.49,893889630.36
1655607600,879463315.56,72721442735.64,839047564.12
1655611200,658152217.38,60293522986.8,628252505.5
1655614800,1256787459.26,110438290908.65,1199739226.41
1655618400,1018189198.2,88129504785.76,972643527.29
1655622000,915051289.39,79180952116.68,874352247.66
1655625600,921445899.28,78153086219.78,880195456.92
1655629200,1562591687.87,130463950703.41,1492945955.05
1655632800,2750659386.95,243971164644.53,2625691499.02
1655636400,1278319270.94,105076589523.08,1220331208.55
1655640000,1517862351.42,135002868203.09,1449830860.12
1655643600,882068866.2,77707272497.64,842212440.91
1655647200,787813381.13,72108732585.23,751823870.7
1655650800,1320028448.92,130150000660.75,1260324982.4
1655654400,960966297.44,85123433103.43,917342997.5
1655658000,683412674.76,59581022838.41,652461139.89
1655661600,1129189444.55,110176502208.18,1079943071.42
1655665200,1762543524.37,151232039956.18,1683143108.06
1655668800,1941114988.89,147820201856.45,1851005147.52
1655672400,904151862.91,79890968217.74,863528999.68
1655676000,1166857366.32,91730031250,1113967806.02
1655679600,746235403.89,64405020651.01,712229532.19
1655683200,1265950127.11,115907378935.42,1208432535.19
1655686800,1206821551.69,106983647404,1151791524.4
1655690400,1049386765.85,93627991227.41,998901373.14
1655694000,856485395.99,69959730485.95,814481227.79
1655697600,753451059.21,62687915413.29,716376906.35
1655701200,871278581.03,71918045433.79,828059286.35
1655704800,854575503.74,81504734492.67,812135041.94
1655708400,909425364.32,75372024411.71,865113597.24
1655712000,1747563394.83,146662408488.39,1661678392.74
1655715600,1741962625.14,152086559582.68,1654743500.55
1655719200,1718429056.82,147854166347.42,1632141017.04
1655722800,1191070914.89,97649875056.46,1132590070.11
1655726400,1355125194.79,117468316124.86,1289210027.29
1655730000,1264185719.52,109941251249.11,1202300566.96
1655733600,1129201244.52,91647073982.63,1072306421.86
1655737200,1299558767.07,103061806249.23,1233845935.59
1655740800,1188629386.22,104232824015.63,1131023145.84
1655744400,1100645622.38,93590577600,1049837257.96
1655748000,1070922065.86,102919658702.44,1020565294.34
1655751600,788937840.98,65208876699.4,751326771.36
1655755200,862266309.55,73863492388.65,820895834.21
1655758800,647875725.45,55595416971.07,616500051.16
1655762400,731306668.33,64605045472.59,695559045.57
1655766000,838807997.65,73810069535.51,797732715.42
1655769600,973524829.53,83293913870.41,924596073.22
1655773200,894870802.41,75810643250.28,849731378.82
1655776800,766367903.84,62920871603.51,727767378.94
1655780400,840127507.2,71838610634.73,797876671.63
1655784000,784271709.51,64523432177.86,745377817.83
1655787600,1335045475.1,112500976105.36,1269544752.31
1655791200,1206958623.62,105498945498.84,1146354957.55
1655794800,1034786467.58,88704877579.31,980447074.59
1655798400,1529922690.85,129885590438.7,1447639138.24
1655802000,1201719496.8,102578704670.84,1137790799.09
1655805600,1061166116.78,90349548251,1005555328.55
1655809200,1282191731.76,111438074437.96,1216240051.15
1655812800,1190876203.32,105803099012.66,1128684946.24
1655816400,2082143890.7,186140594020.46,1972070644.9
1655820000,1929637755.94,167529437920.46,1826877373.15
1655823600,1322783319.68,113847321289.82,1254638211.58
1655827200,992237571.58,88989110684.07,942172511.09
1655830800,1020742390.7,89455735999.35,968864339.53
1655834400,991731833.32,90855901816,941844473.39
1655838000,1201007488.86,99942654294.62,1140757085.26
1655841600,1088564253.43,96738296274.59,1033558591.26
1655845200,599680308.17,49489977054.89,569452833.31
1655848800,744492981.41,67186224424.6,706684800.82
1655852400,857987843.29,71713109225.48,815088057.34
1655856000,1226454252.47,114396102924.76,1167081330.82
1655859600,1005512443.47,83773391530,957955388.65
1655863200,974790337.44,80167291945.23,927891765.72
1655866800,849276161.47,77550995851.71,807987657.7
1655870400,875382606.95,77908034841.89,833970393.36
1655874000,787729502.82,79382168469.74,750814424.79
1655877600,1314686134.64,117175563034.23,1253824921.05
1655881200,1087142183.32,95946571568.06,1035390576.79
1655884800,843254237.62,74054213794.1,803041534.73
1655888400,1073709965.72,93373294417.32,1020802056.09
1655892000,804625611.79,177770247811.79,765266555.53
1655895600,915266063.06,80638043822.72,871061832.77
1655899200,1232516311.01,119267178003.66,1170519731.06
1655902800,1534196373.08,126403384707.61,1453689511.63
1655906400,1711593010.96,148408306966.33,1616044252.23
1655910000,1522156899.94,147614901023.54,1439792899.64
1655913600,1640921698.97,143931415444.06,1551659970.39
1655917200,965929903.54,85642753040.61,913574906.22
1655920800,725313299.57,60540342099.56,686475966.04
1655924400,950287027.11,86352017368.9,899689861.59
1655928000,1169647645.95,109900951681.3,1107479468.64
1655931600,630606987.28,58906531075.24,597141739.88
1655935200,673873115.26,54955734152.51,638286922.11
1655938800,599508789.85,49195329609.68,567568589.91
1655942400,1495444437.58,120022541275.87,1414691868.61
1655946000,1058926198.71,94659168559.53,1002510747.67
1655949600,717851489.63,59313994598.71,679047218.72
1655953200,717918585.3,63891013758.27,679440393.82
1655956800,744555854.99,60736628140.06,704791866.7
1655960400,662788454.09,57451911753.83,627156660.94
1655964000,1089058188.7,97486702242.1,1030239404.97
1655967600,863844190.82,74337303595.27,822287167.17
1655971200,829610974.97,70246717144.25,790816212.8
1655974800,1110088157.4,93553438739.71,1055993104.91
1655978400,1042871956.25,88206399430.56,992947361.02
1655982000,719955695.84,63669512071.52,685034408.7
1655985600,1213487156.8,103761575086.77,1155074118.39
1655989200,1114828280.29,95787945233.13,1058160763.34
1655992800,1020920164.67,87129754814.79,969812317.84
1655996400,1060450482.43,91569043309.08,1009376491.2
1656000000,779026557.65,62118007004.65,741612287.49
1656003600,727977433.02,62963683647.45,693004484.2
1656007200,657122448.67,56519285296.07,624760673.84
1656010800,1242218311.3,110582803038.38,1180069877.4
1656014400,1179778010.61,107403944425.97,1121530465.17
1656018000,622564613.18,57024617015.02,591778654.55
1656021600,1383733797.58,124905991989.45,1314223730.65
1656025200,777116891.59,69733217714.61,738345412.91
1656028800,1113402543.14,99772299006.93,1058560538.58
1656032400,1070918047.01,86588598547.71,1016609854.28
1656036000,1157295047.14,92180569616.8,1098678580.72
1656039600,808252494.86,65842440625.01,767112822.55
1656043200,840339431.39,73125082996.72,797419405.04
1656046800,741818342.96,64232152310.73,703306718.93
1656050400,813920352.89,67038719327.4,772682461.77
1656054000,1166827006.42,99127253666.9,1108503877.89
1656057600,998688400.75,83485816737.3,947256282.55
1656061200,915306731.08,77888951681.84,867486015.26
1656064800,756103457.58,63412953136.52,717391709.78
1656068400,1940454335.98,157067059309.56,1844920293.41
1656072000,1750577250.63,147859019466.67,1662822386.51
1656075600,1357703073.25,110641432800,1288931025.3
1656079200,1358744429.27,111787385362.53,1288624230.19
1656082800,1211025757.24,98992705901.6,1149537817.96
1656086400,1147223075.37,98613026161.99,1088138114.51
1656090000,1289526495.05,110390150263.24,1224476239.07
1656093600,883188807.62,75514840723.79,837504593.8
1656097200,877248392.83,71665193123.81,830802798.19
1656100800,1062886853.66,87055936832.77,1007150130.33
1656104400,687760456.61,56000437497.38,651547756.73
1656108000,1140861920.97,92858317702.72,1081485745.7
1656111600,882531346.24,72109909182.86,836085808.5
1656115200,1226124851.51,100158627074.14,1161533581.93
1656118800,713908010.3,64973234480.9,676309984.64
1656122400,806274621.96,69218290756.54,764297536.82
1656126000,701091703.05,59945964069.97,664475262.17
1656129600,636390175.91,54366426784.65,603181494.45
1656133200,720251983.3,60992644261.19,682944116.94
1656136800,626737981.32,51224167343.04,594212975.42
1656140400,1113456214.89,93201454627.99,1056030864.77
1656144000,757759755.17,64170697704.86,718980252
1656147600,640190000.01,54172319997.8,607416066.87
1656151200,610407525.58,51701175754.31,579127313.6
1656154800,676161821.48,55662560848.67,641527657.06
1656158400,1401401888.89,129297376833.14,1328670387.76
1656162000,919930495.38,79395380125.62,872562360.74
1656165600,673226895.5,57933659943.4,638746234.97
1656169200,958816658.62,80409044524.65,909889038.82
1656172800,689426058.02,59924324414.56,654040931.52
1656176400,685144560.03,57090274725.78,649925559.91
1656180000,652019544.41,55728288792.14,618367023.81
1656183600,593437654.91,51139666592.68,562912856.08
1656187200,494191983.64,42612407029.02,468861072.75
1656190800,1088351992.32,92735396600.63,1032208177.55
1656194400,781307429.24,66273021149.59,740913181.57
1656198000,616277685.94,45630177981.83,584657071.62
1656201600,793892639.72,64185287662.07,752970903.15
1656205200,854519617.29,69330082064.91,810424077.3
1656208800,557371936.84,47984005170.88,528323905.39
1656212400,395062863.47,30887492958.15,374703155.72
1656216000,476961816.24,41991100431.79,452366831.89
1656219600,420519092.87,36007173671.74,398810983.72
1656223200,710515887.49,61259446877.65,673974359.24
1656226800,621663632.44,53062159217.05,589735337.97
1656230400,577312174.07,49145826561.86,547834922.22
1656234000,699675110.12,59856211668.34,663959464.03
1656237600,521517354.21,45670410606.3,494864271.87
1656241200,1165858537.9,104727287120.54,1105682905.98
1656244800,1663350586.65,144227578333.73,1578295926.18
1656248400,1164619439.17,102442100168.95,1105020085.83
1656252000,605670985.62,47541101240.53,574778330.23
1656255600,1043432424.19,91760150099.74,990222107.61
1656259200,656998536.3,57868347834.09,623425000.78
1656262800,751098211.63,66126705265.72,712733677.57
1656266400,740742147.73,65578601719.01,703018950.99
1656270000,477477241.84,41995943104.7,453123813.77
1656273600,697856592.38,61160712975.46,661806222.94
1656277200,517409983.77,45322667019.51,490587392.73
1656280800,1343476006.5,119007489523.44,1272075148.52
1656284400,944046555.66,83000528646.38,893764675.96
1656288000,1097422856.13,97911051582,1039985755.31
1656291600,907168674.23,75365139672.4,859017779.59
1656295200,701437444.46,61396376041.42,664510788.45
1656298800,557512560.58,49437369240.93,528349519.85
1656302400,670755228.56,55897872189.35,634743733.54
1656306000,634973762.6,64601744925.38,601269503.53
1656309600,517235479.68,45049115222.47,489590913.68
1656313200,833256320.55,78566543521.99,786940321.44
1656316800,883525473.56,75636461139.7,835009152.32
1656320400,658078154.34,57066970736.53,622650477.22
1656324000,644418878.64,55780371347.38,608998256.95
1656327600,846990280.53,73911907437.45,801654285.59
1656331200,1085940827.52,91164380525.5,1027855296.75
1656334800,2165172714.61,194062138474.53,2047001592.34
1656338400,1935148374.9,164638362026.91,1827047560.22
1656342000,1042962790.33,83275403526.27,984385525.27
1656345600,870516553.83,75955223985.8,821153571.89
1656349200,664681329.04,55623340616.67,628016675.05
1656352800,1282990898.83,111153526024.97,1212645918.38
1656356400,740595573.86,64111509458.27,700418471.53
1656360000,534684354.52,46150306188.99,505397761.36
1656363600,404324389.2,35081842999.27,382140317.96
1656367200,839997416.06,72859308707.43,794090693.72
1656370800,731666585.58,63705162820.38,691220052.66
1656374400,952131559.17,82756734716.94,900178886.03
1656378000,1132222404.04,99368233327.61,1069344118.7
1656381600,1116514755.24,97764720242.75,1055456758.98
1656385200,866840291.64,71637294337.58,819247694.68
1656388800,552634872.32,47643699355.53,522591222.06
1656392400,590141566.15,48766262773.41,558170032.04
1656396000,743130906.43,63402058533.44,701838515.8
1656399600,809871862.25,68504217653.07,765694972.8
1656403200,1229955288.62,102879960187.86,1161940415.9
1656406800,988743114.97,83412036968.1,933988642.36
1656410400,747145721.08,61407546199.77,706327081.56
1656414000,853770975.07,72882244454.54,808074242.94
1656417600,951308937.29,78633477569.76,903110902.86
1656421200,1247350230.44,109101866470.7,1184423531.89
1656424800,1462676723.93,126197204009.76,1391468507.78
1656428400,1269037902.2,110417939339.21,1205064460.67
1656432000,1205010558.89,98832684141.8,1145180404.6
1656435600,1015090221.4,83566212680.73,963730976.86
1656439200,1479360302.66,128992243625.65,1406533515.4
1656442800,487316007.09,40771780362.56,463192132.82
